id,nombre,apellido,salario
1,Cyndy,Rayson,195393.62
2,Robinet,Worshall,79564.04
3,Wilow,Cowins,120059.19
4,Edsel,Breeton,198224.83
5,Sherri,Onslow,148599.04
6,Rodina,Pack,61918.5
7,Natty,Irdale,57742.66
8,Gordon,Abbison,52998.68
9,Deck,Di Angelo,75225.42
10,Haily,Palffy,77662.58
11,Carey,Karolczyk,162619.34
12,Amaleta,Birdwhistle,156956.88
13,Meggi,Goble,48340.98
14,Nil,Yakushkin,50706.43
15,Kaiser,Faltin,73928.29
16,Aggie,Oxbury,21256.85
17,Jed,Licciardiello,132515.36
18,Blinnie,Shailer,68165.19
19,Eamon,Harkess,180283.6
20,Genovera,Trood,95194.18
21,Gavrielle,Itzakson,57480.99
22,Elvis,Lage,195974.43
23,Roy,McCurrie,127673.65
24,Nickolaus,Hylton,177954.35
25,Julissa,Siman,43555.54
26,Llywellyn,Marzelle,19232.63
27,Crystal,Spileman,116528.23
28,Mamie,Goodbarr,10801.81
29,Glendon,Adrain,24112.46
30,Fair,Dowty,86732.78
31,Sharl,Heninghem,158390.28
32,Ive,MacAdam,29583.55
33,Silvain,Ivkovic,98718.41
34,Rowney,Gecke,148564.18
35,Harwilll,Oldershaw,29861.7
36,Booth,Daudray,131528.47
37,Pearce,Martel,100485.02
38,Hilary,Macoun,32954.02
39,Lotte,Kabsch,174671.03
40,Sigvard,Metschke,196931.28
41,Iolanthe,Dupree,47281.12
42,Mady,Hansard,136878.4
43,Berti,Hartill,101455.05
44,Dov,Gemmill,176223.63
45,Marne,Lechelle,85997.76
46,Sim,Betonia,196022.89
47,Billye,MacTavish,159587.49
48,Whitaker,Baleine,82918.04
49,Guthrey,Rapper,26235.08
50,Pippo,Verrick,117431.46
